trend_name,trend_url,trend_query,tweet_volume,searched_at_datetime,searched_in_country
#NRLManlyStorm,http://twitter.com/search?q=%23NRLManlyStorm,%23NRLManlyStorm,,2021-08-07 12:16:10.089293,Australia
#Boomers,http://twitter.com/search?q=%23Boomers,%23Boomers,,2021-08-07 12:16:10.089293,Australia
#AFLCrowsPower,http://twitter.com/search?q=%23AFLCrowsPower,%23AFLCrowsPower,,2021-08-07 12:16:10.089293,Australia
#AFLSaintsSwans,http://twitter.com/search?q=%23AFLSaintsSwans,%23AFLSaintsSwans,,2021-08-07 12:16:10.089293,Australia
#NeerajChopra,http://twitter.com/search?q=%23NeerajChopra,%23NeerajChopra,109712.0,2021-08-07 12:16:10.089293,Australia
#NRLRoostersPanthers,http://twitter.com/search?q=%23NRLRoostersPanthers,%23NRLRoostersPanthers,,2021-08-07 12:16:10.089293,Australia
#weflyasone,http://twitter.com/search?q=%23weflyasone,%23weflyasone,,2021-08-07 12:16:10.089293,Australia
#afltigersnorth,http://twitter.com/search?q=%23afltigersnorth,%23afltigersnorth,,2021-08-07 12:16:10.089293,Australia
#bloods,http://twitter.com/search?q=%23bloods,%23bloods,,2021-08-07 12:16:10.089293,Australia
#FlicksNoChills,http://twitter.com/search?q=%23FlicksNoChills,%23FlicksNoChills,,2021-08-07 12:16:10.089293,Australia
#Showdown50,http://twitter.com/search?q=%23Showdown50,%23Showdown50,,2021-08-07 12:16:10.089293,Australia
#WOTAprom,http://twitter.com/search?q=%23WOTAprom,%23WOTAprom,,2021-08-07 12:16:10.089293,Australia
#NZLvAUS,http://twitter.com/search?q=%23NZLvAUS,%23NZLvAUS,,2021-08-07 12:16:10.089293,Australia
#BledisloeCup,http://twitter.com/search?q=%23BledisloeCup,%23BledisloeCup,,2021-08-07 12:16:10.089293,Australia
#CyclingTrack,http://twitter.com/search?q=%23CyclingTrack,%23CyclingTrack,37379.0,2021-08-07 12:16:10.089293,Australia
#gotiges,http://twitter.com/search?q=%23gotiges,%23gotiges,,2021-08-07 12:16:10.089293,Australia
#weareportadelaide,http://twitter.com/search?q=%23weareportadelaide,%23weareportadelaide,,2021-08-07 12:16:10.089293,Australia
#aflbluessuns,http://twitter.com/search?q=%23aflbluessuns,%23aflbluessuns,,2021-08-07 12:16:10.089293,Australia
#BRAxESP,http://twitter.com/search?q=%23BRAxESP,%23BRAxESP,,2021-08-07 12:16:10.089293,Brazil
#futebolmasculino,http://twitter.com/search?q=%23futebolmasculino,%23futebolmasculino,,2021-08-07 12:16:10.089293,Brazil
#Belated_San_Day,http://twitter.com/search?q=%23Belated_San_Day,%23Belated_San_Day,41555.0,2021-08-07 12:16:10.089293,Brazil
#Boxing,http://twitter.com/search?q=%23Boxing,%23Boxing,41525.0,2021-08-07 12:16:10.089293,Brazil
#OlimpiadaNaGlobo,http://twitter.com/search?q=%23OlimpiadaNaGlobo,%23OlimpiadaNaGlobo,,2021-08-07 12:16:10.089293,Brazil
#CANWNT,http://twitter.com/search?q=%23CANWNT,%23CANWNT,46189.0,2021-08-07 12:16:10.089293,Canada
#CANWNT,http://twitter.com/search?q=%23CANWNT,%23CANWNT,46189.0,2021-08-07 12:16:10.089293,Canada
#NeerajChopra,http://twitter.com/search?q=%23NeerajChopra,%23NeerajChopra,107917.0,2021-08-07 12:16:10.089293,Canada
#Gold,http://twitter.com/search?q=%23Gold,%23Gold,88730.0,2021-08-07 12:16:10.089293,Canada
#Caturday,http://twitter.com/search?q=%23Caturday,%23Caturday,,2021-08-07 12:16:10.089293,Canada
#frausa,http://twitter.com/search?q=%23frausa,%23frausa,19750.0,2021-08-07 12:16:10.089293,France
#Manifs7aout,http://twitter.com/search?q=%23Manifs7aout,%23Manifs7aout,69028.0,2021-08-07 12:16:10.089293,France
#FRADAN,http://twitter.com/search?q=%23FRADAN,%23FRADAN,,2021-08-07 12:16:10.089293,France
#FreebetUnibet,http://twitter.com/search?q=%23FreebetUnibet,%23FreebetUnibet,,2021-08-07 12:16:10.089293,France
#ASMFCN,http://twitter.com/search?q=%23ASMFCN,%23ASMFCN,,2021-08-07 12:16:10.089293,France
#Schleu,http://twitter.com/search?q=%23Schleu,%23Schleu,10478.0,2021-08-07 12:16:10.089293,Germany
#promibb,http://twitter.com/search?q=%23promibb,%23promibb,12024.0,2021-08-07 12:16:10.089293,Germany
#tierquaelerei,http://twitter.com/search?q=%23tierquaelerei,%23tierquaelerei,,2021-08-07 12:16:10.089293,Germany
#Ehrenmord,http://twitter.com/search?q=%23Ehrenmord,%23Ehrenmord,,2021-08-07 12:16:10.089293,Germany
#Merz,http://twitter.com/search?q=%23Merz,%23Merz,,2021-08-07 12:16:10.089293,Germany
#NeerajChopra,http://twitter.com/search?q=%23NeerajChopra,%23NeerajChopra,107917.0,2021-08-07 12:16:10.089293,India
#NeerajChopra,http://twitter.com/search?q=%23NeerajChopra,%23NeerajChopra,107917.0,2021-08-07 12:16:10.089293,India
#Gold,http://twitter.com/search?q=%23Gold,%23Gold,88730.0,2021-08-07 12:16:10.089293,India
#BajrangPunia,http://twitter.com/search?q=%23BajrangPunia,%23BajrangPunia,33770.0,2021-08-07 12:16:10.089293,India
#Athletics,http://twitter.com/search?q=%23Athletics,%23Athletics,95006.0,2021-08-07 12:16:10.089293,India
#Wrestling,http://twitter.com/search?q=%23Wrestling,%23Wrestling,33948.0,2021-08-07 12:16:10.089293,India
#BeastCastUpdate,http://twitter.com/search?q=%23BeastCastUpdate,%23BeastCastUpdate,58985.0,2021-08-07 12:16:10.089293,India
#MoneyMafiaOnDiscoveryPlus,http://twitter.com/search?q=%23MoneyMafiaOnDiscoveryPlus,%23MoneyMafiaOnDiscoveryPlus,,2021-08-07 12:16:10.089293,India
#CelebrateOdishaHandloom,http://twitter.com/search?q=%23CelebrateOdishaHandloom,%23CelebrateOdishaHandloom,,2021-08-07 12:16:10.089293,India
#Tokyo2021,http://twitter.com/search?q=%23Tokyo2021,%23Tokyo2021,12458.0,2021-08-07 12:16:10.089293,India
#BJPFearsRahulGandhi,http://twitter.com/search?q=%23BJPFearsRahulGandhi,%23BJPFearsRahulGandhi,40680.0,2021-08-07 12:16:10.089293,India
#BhoyPeyecheBJP,http://twitter.com/search?q=%23BhoyPeyecheBJP,%23BhoyPeyecheBJP,,2021-08-07 12:16:10.089293,India
#Toyko2020,http://twitter.com/search?q=%23Toyko2020,%23Toyko2020,,2021-08-07 12:16:10.089293,India
#SuperStarBirthdayBLASTER,http://twitter.com/search?q=%23SuperStarBirthdayBLASTER,%23SuperStarBirthdayBLASTER,117899.0,2021-08-07 12:16:10.089293,India
#LiliputFaruqui,http://twitter.com/search?q=%23LiliputFaruqui,%23LiliputFaruqui,,2021-08-07 12:16:10.089293,India
#ThumsUp4India,http://twitter.com/search?q=%23ThumsUp4India,%23ThumsUp4India,,2021-08-07 12:16:10.089293,India
#VTVGanesh,http://twitter.com/search?q=%23VTVGanesh,%23VTVGanesh,,2021-08-07 12:16:10.089293,India
#Tripura,http://twitter.com/search?q=%23Tripura,%23Tripura,10465.0,2021-08-07 12:16:10.089293,India
#Selvaraghavan,http://twitter.com/search?q=%23Selvaraghavan,%23Selvaraghavan,,2021-08-07 12:16:10.089293,India
#ArshadNadeem,http://twitter.com/search?q=%23ArshadNadeem,%23ArshadNadeem,18922.0,2021-08-07 12:16:10.089293,India
#PalatDe,http://twitter.com/search?q=%23PalatDe,%23PalatDe,,2021-08-07 12:16:10.089293,India
#RSPjoinsBSP,http://twitter.com/search?q=%23RSPjoinsBSP,%23RSPjoinsBSP,,2021-08-07 12:16:10.089293,India
#AditiAshok,http://twitter.com/search?q=%23AditiAshok,%23AditiAshok,40982.0,2021-08-07 12:16:10.089293,India
#5yrsOfVijayRupani,http://twitter.com/search?q=%235yrsOfVijayRupani,%235yrsOfVijayRupani,154963.0,2021-08-07 12:16:10.089293,India
#Wrestling,http://twitter.com/search?q=%23Wrestling,%23Wrestling,33948.0,2021-08-07 12:16:10.089293,Italy
#Conyedo,http://twitter.com/search?q=%23Conyedo,%23Conyedo,,2021-08-07 12:16:10.089293,Italy
#7Agosto,http://twitter.com/search?q=%237Agosto,%237Agosto,,2021-08-07 12:16:10.089293,Italy
#RhythmicGymnastics,http://twitter.com/search?q=%23RhythmicGymnastics,%23RhythmicGymnastics,34062.0,2021-08-07 12:16:10.089293,Italy
#iostoconFrancesco,http://twitter.com/search?q=%23iostoconFrancesco,%23iostoconFrancesco,,2021-08-07 12:16:10.089293,Italy
#Lotta,http://twitter.com/search?q=%23Lotta,%23Lotta,,2021-08-07 12:16:10.089293,Italy
#Walls24hourschallenge,http://twitter.com/search?q=%23Walls24hourschallenge,%23Walls24hourschallenge,19359.0,2021-08-07 12:16:10.089293,Italy
#CeferinOut,http://twitter.com/search?q=%23CeferinOut,%23CeferinOut,,2021-08-07 12:16:10.089293,Italy
#AssociazioniLibere,http://twitter.com/search?q=%23AssociazioniLibere,%23AssociazioniLibere,,2021-08-07 12:16:10.089293,Italy
#Bronze,http://twitter.com/search?q=%23Bronze,%23Bronze,42376.0,2021-08-07 12:16:10.089293,Italy
#ilVuotoDellAssenza,http://twitter.com/search?q=%23ilVuotoDellAssenza,%23ilVuotoDellAssenza,,2021-08-07 12:16:10.089293,Italy
#StyrianGP,http://twitter.com/search?q=%23StyrianGP,%23StyrianGP,10321.0,2021-08-07 12:16:10.089293,Italy
#UEFA,http://twitter.com/search?q=%23UEFA,%23UEFA,,2021-08-07 12:16:10.089293,Italy
#DurigonDimettiti,http://twitter.com/search?q=%23DurigonDimettiti,%23DurigonDimettiti,,2021-08-07 12:16:10.089293,Italy
#buonsabato,http://twitter.com/search?q=%23buonsabato,%23buonsabato,,2021-08-07 12:16:10.089293,Italy
#MessiAuPSG,http://twitter.com/search?q=%23MessiAuPSG,%23MessiAuPSG,11099.0,2021-08-07 12:16:10.089293,Italy
#SuperLeague,http://twitter.com/search?q=%23SuperLeague,%23SuperLeague,,2021-08-07 12:16:10.089293,Italy
#Diving,http://twitter.com/search?q=%23Diving,%23Diving,12029.0,2021-08-07 12:16:10.089293,Italy
#ginnasticaritmica,http://twitter.com/search?q=%23ginnasticaritmica,%23ginnasticaritmica,,2021-08-07 12:16:10.089293,Italy
#гетероавгуст,http://twitter.com/search?q=%23%D0%B3%D0%B5%D1%82%D0%B5%D1%80%D0%BE%D0%B0%D0%B2%D0%B3%D1%83%D1%81%D1%82,%23%D0%B3%D0%B5%D1%82%D0%B5%D1%80%D0%BE%D0%B0%D0%B2%D0%B3%D1%83%D1%81%D1%82,,2021-08-07 12:16:10.089293,Ukraine
#myvaultygenticket,http://twitter.com/search?q=%23myvaultygenticket,%23myvaultygenticket,,2021-08-07 12:16:10.089293,Ukraine
#DownhomeBlues,http://twitter.com/search?q=%23DownhomeBlues,%23DownhomeBlues,,2021-08-07 12:16:10.089293,Ukraine
#DimashPlaylist,http://twitter.com/search?q=%23DimashPlaylist,%23DimashPlaylist,37532.0,2021-08-07 12:16:10.089293,Ukraine
#BlindDogRadio,http://twitter.com/search?q=%23BlindDogRadio,%23BlindDogRadio,,2021-08-07 12:16:10.089293,Ukraine
#SalarioRosa,http://twitter.com/search?q=%23SalarioRosa,%23SalarioRosa,,2021-08-07 12:16:10.089293,Mexico
#fuerzakenini,http://twitter.com/search?q=%23fuerzakenini,%23fuerzakenini,59281.0,2021-08-07 12:16:10.089293,Mexico
#SemaforoRojo,http://twitter.com/search?q=%23SemaforoRojo,%23SemaforoRojo,,2021-08-07 12:16:10.089293,Mexico
#김현중_PrismTime_GREEN,http://twitter.com/search?q=%23%EA%B9%80%ED%98%84%EC%A4%91_PrismTime_GREEN,%23%EA%B9%80%ED%98%84%EC%A4%91_PrismTime_GREEN,,2021-08-07 12:16:10.089293,Mexico
#FelizSabado,http://twitter.com/search?q=%23FelizSabado,%23FelizSabado,,2021-08-07 12:16:10.089293,Mexico
#NeerajChopra,http://twitter.com/search?q=%23NeerajChopra,%23NeerajChopra,109712.0,2021-08-07 12:16:10.089293,United States
#SaturdayMorning,http://twitter.com/search?q=%23SaturdayMorning,%23SaturdayMorning,10022.0,2021-08-07 12:16:10.089293,United States
#SaturdayVibes,http://twitter.com/search?q=%23SaturdayVibes,%23SaturdayVibes,,2021-08-07 12:16:10.089293,United States
#IReallyReallyWantA,http://twitter.com/search?q=%23IReallyReallyWantA,%23IReallyReallyWantA,,2021-08-07 12:16:10.089293,United States
#SaturdayMotivation,http://twitter.com/search?q=%23SaturdayMotivation,%23SaturdayMotivation,10663.0,2021-08-07 12:16:10.089293,United States
#NRLManlyEels,http://twitter.com/search?q=%23NRLManlyEels,%23NRLManlyEels,,2021-08-14 12:15:39.575679,Australia
#AFLLionsPies,http://twitter.com/search?q=%23AFLLionsPies,%23AFLLionsPies,,2021-08-14 12:15:39.575679,Australia
#MUNLEE,http://twitter.com/search?q=%23MUNLEE,%23MUNLEE,60294.0,2021-08-14 12:15:39.575679,Australia
#AFLNorthSwans,http://twitter.com/search?q=%23AFLNorthSwans,%23AFLNorthSwans,,2021-08-14 12:15:39.575679,Australia
#AFLPowerBlues,http://twitter.com/search?q=%23AFLPowerBlues,%23AFLPowerBlues,,2021-08-14 12:15:39.575679,Australia
#MUFC,http://twitter.com/search?q=%23MUFC,%23MUFC,157493.0,2021-08-14 12:15:39.575679,Australia
#nrlcowboystigers,http://twitter.com/search?q=%23nrlcowboystigers,%23nrlcowboystigers,,2021-08-14 12:15:39.575679,Australia
#aflcatsSaints,http://twitter.com/search?q=%23aflcatsSaints,%23aflcatsSaints,,2021-08-14 12:15:39.575679,Australia
#PremierLeagueNaESPN,http://twitter.com/search?q=%23PremierLeagueNaESPN,%23PremierLeagueNaESPN,,2021-08-14 12:15:39.575679,Brazil
#MUNLEE,http://twitter.com/search?q=%23MUNLEE,%23MUNLEE,59906.0,2021-08-14 12:15:39.575679,Brazil
#edecasa,http://twitter.com/search?q=%23edecasa,%23edecasa,,2021-08-14 12:15:39.575679,Brazil
#MotoGPFoxSports,http://twitter.com/search?q=%23MotoGPFoxSports,%23MotoGPFoxSports,,2021-08-14 12:15:39.575679,Brazil
#SabadoDetremuraSDV,http://twitter.com/search?q=%23SabadoDetremuraSDV,%23SabadoDetremuraSDV,,2021-08-14 12:15:39.575679,Brazil
#MUNLEE,http://twitter.com/search?q=%23MUNLEE,%23MUNLEE,60150.0,2021-08-14 12:15:39.575679,Canada
#MUFC,http://twitter.com/search?q=%23MUFC,%23MUFC,157798.0,2021-08-14 12:15:39.575679,Canada
#AEWRampage,http://twitter.com/search?q=%23AEWRampage,%23AEWRampage,80870.0,2021-08-14 12:15:39.575679,Canada
#BREARS,http://twitter.com/search?q=%23BREARS,%23BREARS,101891.0,2021-08-14 12:15:39.575679,Canada
#GGMU,http://twitter.com/search?q=%23GGMU,%23GGMU,,2021-08-14 12:15:39.575679,Canada
#manifestation14aout,http://twitter.com/search?q=%23manifestation14aout,%23manifestation14aout,30179.0,2021-08-14 12:15:39.575679,France
#MUNLEE,http://twitter.com/search?q=%23MUNLEE,%23MUNLEE,60150.0,2021-08-14 12:15:39.575679,France
#majoritésilencieusevaccinée,http://twitter.com/search?q=%23majorit%C3%A9silencieusevaccin%C3%A9e,%23majorit%C3%A9silencieusevaccin%C3%A9e,,2021-08-14 12:15:39.575679,France
#FreebetUnibet,http://twitter.com/search?q=%23FreebetUnibet,%23FreebetUnibet,,2021-08-14 12:15:39.575679,France
#FAQJOYCA,http://twitter.com/search?q=%23FAQJOYCA,%23FAQJOYCA,,2021-08-14 12:15:39.575679,France
#CaDitQuoiMastu,http://twitter.com/search?q=%23CaDitQuoiMastu,%23CaDitQuoiMastu,,2021-08-14 12:15:39.575679,France
#predauw3,http://twitter.com/search?q=%23predauw3,%23predauw3,,2021-08-14 12:15:39.575679,France
#MUFC,http://twitter.com/search?q=%23MUFC,%23MUFC,157798.0,2021-08-14 12:15:39.575679,France
#PSGRCSA,http://twitter.com/search?q=%23PSGRCSA,%23PSGRCSA,,2021-08-14 12:15:39.575679,France
#PLRMC,http://twitter.com/search?q=%23PLRMC,%23PLRMC,,2021-08-14 12:15:39.575679,France
#manif14aout,http://twitter.com/search?q=%23manif14aout,%23manif14aout,53811.0,2021-08-14 12:15:39.575679,France
#LaVraieVie,http://twitter.com/search?q=%23LaVraieVie,%23LaVraieVie,,2021-08-14 12:15:39.575679,France
#DéformeUneEmission,http://twitter.com/search?q=%23D%C3%A9formeUneEmission,%23D%C3%A9formeUneEmission,,2021-08-14 12:15:39.575679,France
#MyHeroAcademia,http://twitter.com/search?q=%23MyHeroAcademia,%23MyHeroAcademia,,2021-08-14 12:15:39.575679,France
#TFCSCB,http://twitter.com/search?q=%23TFCSCB,%23TFCSCB,,2021-08-14 12:15:39.575679,France
#ManifDeLaHonte,http://twitter.com/search?q=%23ManifDeLaHonte,%23ManifDeLaHonte,,2021-08-14 12:15:39.575679,France
#LOSCOGCN,http://twitter.com/search?q=%23LOSCOGCN,%23LOSCOGCN,,2021-08-14 12:15:39.575679,France
#SecurisezNosEcoles,http://twitter.com/search?q=%23SecurisezNosEcoles,%23SecurisezNosEcoles,10427.0,2021-08-14 12:15:39.575679,France
#pandemie,http://twitter.com/search?q=%23pandemie,%23pandemie,,2021-08-14 12:15:39.575679,France
#Delta,http://twitter.com/search?q=%23Delta,%23Delta,14357.0,2021-08-14 12:15:39.575679,France
#RCLASSE,http://twitter.com/search?q=%23RCLASSE,%23RCLASSE,,2021-08-14 12:15:39.575679,France
#OMFCGB,http://twitter.com/search?q=%23OMFCGB,%23OMFCGB,,2021-08-14 12:15:39.575679,France
#BMGFCB,http://twitter.com/search?q=%23BMGFCB,%23BMGFCB,20361.0,2021-08-14 12:15:39.575679,Germany
#Musk,http://twitter.com/search?q=%23Musk,%23Musk,,2021-08-14 12:15:39.575679,Germany
#fcsphsv,http://twitter.com/search?q=%23fcsphsv,%23fcsphsv,,2021-08-14 12:15:39.575679,Germany
#Lauterbachluegt,http://twitter.com/search?q=%23Lauterbachluegt,%23Lauterbachluegt,,2021-08-14 12:15:39.575679,Germany
#Mauerbau,http://twitter.com/search?q=%23Mauerbau,%23Mauerbau,,2021-08-14 12:15:39.575679,Germany
#MUNLEE,http://twitter.com/search?q=%23MUNLEE,%23MUNLEE,60150.0,2021-08-14 12:15:39.575679,India
#HinaKhanOnMoj,http://twitter.com/search?q=%23HinaKhanOnMoj,%23HinaKhanOnMoj,,2021-08-14 12:15:39.575679,India
#MUFC,http://twitter.com/search?q=%23MUFC,%23MUFC,157798.0,2021-08-14 12:15:39.575679,India
#FullPaisaVasoolSale,http://twitter.com/search?q=%23FullPaisaVasoolSale,%23FullPaisaVasoolSale,,2021-08-14 12:15:39.575679,India
#IndependenceDay,http://twitter.com/search?q=%23IndependenceDay,%23IndependenceDay,92190.0,2021-08-14 12:15:39.575679,India
#RespectNationalFlag,http://twitter.com/search?q=%23RespectNationalFlag,%23RespectNationalFlag,11713.0,2021-08-14 12:15:39.575679,India
#CO2SeAzaadi,http://twitter.com/search?q=%23CO2SeAzaadi,%23CO2SeAzaadi,,2021-08-14 12:15:39.575679,India
#BBisback,http://twitter.com/search?q=%23BBisback,%23BBisback,,2021-08-14 12:15:39.575679,India
#PartitionHorrorRemembranceDay,http://twitter.com/search?q=%23PartitionHorrorRemembranceDay,%23PartitionHorrorRemembranceDay,,2021-08-14 12:15:39.575679,India
#BharatKaYug,http://twitter.com/search?q=%23BharatKaYug,%23BharatKaYug,,2021-08-14 12:15:39.575679,India
#TirangaYatra,http://twitter.com/search?q=%23TirangaYatra,%23TirangaYatra,,2021-08-14 12:15:39.575679,India
#GGMU,http://twitter.com/search?q=%23GGMU,%23GGMU,,2021-08-14 12:15:39.575679,India
#GinoStrada,http://twitter.com/search?q=%23GinoStrada,%23GinoStrada,70284.0,2021-08-14 12:15:39.575679,Italy
#Salmo,http://twitter.com/search?q=%23Salmo,%23Salmo,,2021-08-14 12:15:39.575679,Italy
#14agosto,http://twitter.com/search?q=%2314agosto,%2314agosto,,2021-08-14 12:15:39.575679,Italy
#picdagiovane,http://twitter.com/search?q=%23picdagiovane,%23picdagiovane,,2021-08-14 12:15:39.575679,Italy
#Locatelli,http://twitter.com/search?q=%23Locatelli,%23Locatelli,,2021-08-14 12:15:39.575679,Italy
#StrayKids,http://twitter.com/search?q=%23StrayKids,%23StrayKids,510651.0,2021-08-14 12:15:39.575679,Ukraine
#Evangelion,http://twitter.com/search?q=%23Evangelion,%23Evangelion,69782.0,2021-08-14 12:15:39.575679,Ukraine
#PlayToEarn,http://twitter.com/search?q=%23PlayToEarn,%23PlayToEarn,32053.0,2021-08-14 12:15:39.575679,Ukraine
#BBNaija6,http://twitter.com/search?q=%23BBNaija6,%23BBNaija6,58447.0,2021-08-14 12:15:39.575679,Ukraine
#нюдсочетверг,http://twitter.com/search?q=%23%D0%BD%D1%8E%D0%B4%D1%81%D0%BE%D1%87%D0%B5%D1%82%D0%B2%D0%B5%D1%80%D0%B3,%23%D0%BD%D1%8E%D0%B4%D1%81%D0%BE%D1%87%D0%B5%D1%82%D0%B2%D0%B5%D1%80%D0%B3,,2021-08-14 12:15:39.575679,Ukraine
#FelizSabado,http://twitter.com/search?q=%23FelizSabado,%23FelizSabado,,2021-08-14 12:15:39.575679,Mexico
#Evangelion,http://twitter.com/search?q=%23Evangelion,%23Evangelion,69856.0,2021-08-14 12:15:39.575679,Mexico
#viernesdeeliminación,http://twitter.com/search?q=%23viernesdeeliminaci%C3%B3n,%23viernesdeeliminaci%C3%B3n,39727.0,2021-08-14 12:15:39.575679,Mexico
#GoodLuckMcLeeKnow,http://twitter.com/search?q=%23GoodLuckMcLeeKnow,%23GoodLuckMcLeeKnow,138777.0,2021-08-14 12:15:39.575679,Mexico
#NOEASY,http://twitter.com/search?q=%23NOEASY,%23NOEASY,205451.0,2021-08-14 12:15:39.575679,Mexico
#MUNLEE,http://twitter.com/search?q=%23MUNLEE,%23MUNLEE,59906.0,2021-08-14 12:15:39.575679,United States
#MUFC,http://twitter.com/search?q=%23MUFC,%23MUFC,157984.0,2021-08-14 12:15:39.575679,United States
#GGMU,http://twitter.com/search?q=%23GGMU,%23GGMU,,2021-08-14 12:15:39.575679,United States
#SaturdayMorning,http://twitter.com/search?q=%23SaturdayMorning,%23SaturdayMorning,14996.0,2021-08-14 12:15:39.575679,United States
#SaturdayThoughts,http://twitter.com/search?q=%23SaturdayThoughts,%23SaturdayThoughts,16909.0,2021-08-14 12:15:39.575679,United States
#SaturdayMotivation,http://twitter.com/search?q=%23SaturdayMotivation,%23SaturdayMotivation,,2021-08-14 12:15:39.575679,United States
#IAlwaysTravelWith,http://twitter.com/search?q=%23IAlwaysTravelWith,%23IAlwaysTravelWith,,2021-08-14 12:15:39.575679,United States
#AFLCatsDees,http://twitter.com/search?q=%23AFLCatsDees,%23AFLCatsDees,,2021-08-21 12:15:49.387583,Australia
#AFLBluesGiants,http://twitter.com/search?q=%23AFLBluesGiants,%23AFLBluesGiants,,2021-08-21 12:15:49.387583,Australia
#LIVBUR,http://twitter.com/search?q=%23LIVBUR,%23LIVBUR,22485.0,2021-08-21 12:15:49.387583,Australia
#NRLEelsCowboys,http://twitter.com/search?q=%23NRLEelsCowboys,%23NRLEelsCowboys,,2021-08-21 12:15:49.387583,Australia
#AFLLionsEagles,http://twitter.com/search?q=%23AFLLionsEagles,%23AFLLionsEagles,,2021-08-21 12:15:49.387583,Australia
#YNWA,http://twitter.com/search?q=%23YNWA,%23YNWA,,2021-08-21 12:15:49.387583,Australia
#NRLBulldogsKnights,http://twitter.com/search?q=%23NRLBulldogsKnights,%23NRLBulldogsKnights,,2021-08-21 12:15:49.387583,Australia
#COVIDIOTS,http://twitter.com/search?q=%23COVIDIOTS,%23COVIDIOTS,,2021-08-21 12:15:49.387583,Australia
#Melbourneprotest,http://twitter.com/search?q=%23Melbourneprotest,%23Melbourneprotest,20060.0,2021-08-21 12:15:49.387583,Australia
#FiredUp,http://twitter.com/search?q=%23FiredUp,%23FiredUp,,2021-08-21 12:15:49.387583,Australia
#lockdownprotest,http://twitter.com/search?q=%23lockdownprotest,%23lockdownprotest,,2021-08-21 12:15:49.387583,Australia
#sydneyprotest,http://twitter.com/search?q=%23sydneyprotest,%23sydneyprotest,,2021-08-21 12:15:49.387583,Australia
#Vasco123,http://twitter.com/search?q=%23Vasco123,%23Vasco123,,2021-08-21 12:15:49.387583,Brazil
#PremierLeagueFoxSports,http://twitter.com/search?q=%23PremierLeagueFoxSports,%23PremierLeagueFoxSports,,2021-08-21 12:15:49.387583,Brazil
#GOpaiN,http://twitter.com/search?q=%23GOpaiN,%23GOpaiN,,2021-08-21 12:15:49.387583,Brazil
#STFRompeuADemocracia,http://twitter.com/search?q=%23STFRompeuADemocracia,%23STFRompeuADemocracia,91337.0,2021-08-21 12:15:49.387583,Brazil
#sabadou,http://twitter.com/search?q=%23sabadou,%23sabadou,,2021-08-21 12:15:49.387583,Brazil
#DavidLuizNoMengao,http://twitter.com/search?q=%23DavidLuizNoMengao,%23DavidLuizNoMengao,17447.0,2021-08-21 12:15:49.387583,Brazil
#ThrillRide5thWin,http://twitter.com/search?q=%23ThrillRide5thWin,%23ThrillRide5thWin,168385.0,2021-08-21 12:15:49.387583,Brazil
#AceitaPacheco,http://twitter.com/search?q=%23AceitaPacheco,%23AceitaPacheco,,2021-08-21 12:15:49.387583,Brazil
#SabadoDetremuraSDV,http://twitter.com/search?q=%23SabadoDetremuraSDV,%23SabadoDetremuraSDV,,2021-08-21 12:15:49.387583,Brazil
#blackpinkdisband,http://twitter.com/search?q=%23blackpinkdisband,%23blackpinkdisband,,2021-08-21 12:15:49.387583,Brazil
#GoRensga,http://twitter.com/search?q=%23GoRensga,%23GoRensga,,2021-08-21 12:15:49.387583,Brazil
#ImpeachmentAlexandreDeMoraes,http://twitter.com/search?q=%23ImpeachmentAlexandreDeMoraes,%23ImpeachmentAlexandreDeMoraes,,2021-08-21 12:15:49.387583,Brazil
#VascoDaGama,http://twitter.com/search?q=%23VascoDaGama,%23VascoDaGama,,2021-08-21 12:15:49.387583,Brazil
#btsdisband,http://twitter.com/search?q=%23btsdisband,%23btsdisband,,2021-08-21 12:15:49.387583,Brazil
#7deSetembroVaiSerGrande,http://twitter.com/search?q=%237deSetembroVaiSerGrande,%237deSetembroVaiSerGrande,14436.0,2021-08-21 12:15:49.387583,Brazil
#Dia7VaiserGigante,http://twitter.com/search?q=%23Dia7VaiserGigante,%23Dia7VaiserGigante,,2021-08-21 12:15:49.387583,Brazil
#JulietteCriadora,http://twitter.com/search?q=%23JulietteCriadora,%23JulietteCriadora,94291.0,2021-08-21 12:15:49.387583,Brazil
#straykidsdisband,http://twitter.com/search?q=%23straykidsdisband,%23straykidsdisband,10861.0,2021-08-21 12:15:49.387583,Brazil
#LBPRIDE1year,http://twitter.com/search?q=%23LBPRIDE1year,%23LBPRIDE1year,,2021-08-21 12:15:49.387583,Brazil
#AEWRampage,http://twitter.com/search?q=%23AEWRampage,%23AEWRampage,321420.0,2021-08-21 12:15:49.387583,Canada
#Caturday,http://twitter.com/search?q=%23Caturday,%23Caturday,,2021-08-21 12:15:49.387583,Canada
#LIVBUR,http://twitter.com/search?q=%23LIVBUR,%23LIVBUR,22605.0,2021-08-21 12:15:49.387583,Canada
#YNWA,http://twitter.com/search?q=%23YNWA,%23YNWA,,2021-08-21 12:15:49.387583,Canada
#Elxn44,http://twitter.com/search?q=%23Elxn44,%23Elxn44,31480.0,2021-08-21 12:15:49.387583,Canada
#SB29PSG,http://twitter.com/search?q=%23SB29PSG,%23SB29PSG,30878.0,2021-08-21 12:15:49.387583,France
#LIVBUR,http://twitter.com/search?q=%23LIVBUR,%23LIVBUR,22471.0,2021-08-21 12:15:49.387583,France
#manifestation21aout,http://twitter.com/search?q=%23manifestation21aout,%23manifestation21aout,42920.0,2021-08-21 12:15:49.387583,France
#Manifs21aout,http://twitter.com/search?q=%23Manifs21aout,%23Manifs21aout,53641.0,2021-08-21 12:15:49.387583,France
#MélangeDeuxFilms,http://twitter.com/search?q=%23M%C3%A9langeDeuxFilms,%23M%C3%A9langeDeuxFilms,,2021-08-21 12:15:49.387583,France
#eineUnion,http://twitter.com/search?q=%23eineUnion,%23eineUnion,,2021-08-21 12:15:49.387583,Germany
#ImpftEuchInsKnie,http://twitter.com/search?q=%23ImpftEuchInsKnie,%23ImpftEuchInsKnie,20229.0,2021-08-21 12:15:49.387583,Germany
#SSVS04,http://twitter.com/search?q=%23SSVS04,%23SSVS04,,2021-08-21 12:15:49.387583,Germany
#KSCSVW,http://twitter.com/search?q=%23KSCSVW,%23KSCSVW,,2021-08-21 12:15:49.387583,Germany
#Edeka,http://twitter.com/search?q=%23Edeka,%23Edeka,,2021-08-21 12:15:49.387583,Germany
#SidNaazRocksDD3,http://twitter.com/search?q=%23SidNaazRocksDD3,%23SidNaazRocksDD3,79851.0,2021-08-21 12:15:49.387583,India
#81921CB23227,http://twitter.com/search?q=%2381921CB23227,%2381921CB23227,49229.0,2021-08-21 12:15:49.387583,India
#ProTalibanisOfIndia,http://twitter.com/search?q=%23ProTalibanisOfIndia,%23ProTalibanisOfIndia,14433.0,2021-08-21 12:15:49.387583,India
#GodFather,http://twitter.com/search?q=%23GodFather,%23GodFather,12267.0,2021-08-21 12:15:49.387583,India
#TumAaogey,http://twitter.com/search?q=%23TumAaogey,%23TumAaogey,,2021-08-21 12:15:49.387583,India
#BiharTeachersAppointment,http://twitter.com/search?q=%23BiharTeachersAppointment,%23BiharTeachersAppointment,196178.0,2021-08-21 12:15:49.387583,India
#LIVBUR,http://twitter.com/search?q=%23LIVBUR,%23LIVBUR,22471.0,2021-08-21 12:15:49.387583,India
#Jungkook500MOnSpotify,http://twitter.com/search?q=%23Jungkook500MOnSpotify,%23Jungkook500MOnSpotify,60533.0,2021-08-21 12:15:49.387583,India
#정국스포티파이5억스밍,http://twitter.com/search?q=%23%EC%A0%95%EA%B5%AD%EC%8A%A4%ED%8F%AC%ED%8B%B0%ED%8C%8C%EC%9D%B45%EC%96%B5%EC%8A%A4%EB%B0%8D,%23%EC%A0%95%EA%B5%AD%EC%8A%A4%ED%8F%AC%ED%8B%B0%ED%8C%8C%EC%9D%B45%EC%96%B5%EC%8A%A4%EB%B0%8D,59810.0,2021-08-21 12:15:49.387583,India
#Chiru153,http://twitter.com/search?q=%23Chiru153,%23Chiru153,22807.0,2021-08-21 12:15:49.387583,India
#TalibanTerror,http://twitter.com/search?q=%23TalibanTerror,%23TalibanTerror,14505.0,2021-08-21 12:15:49.387583,India
#उदितवा_नंगा_है,http://twitter.com/search?q=%23%E0%A4%89%E0%A4%A6%E0%A4%BF%E0%A4%A4%E0%A4%B5%E0%A4%BE_%E0%A4%A8%E0%A4%82%E0%A4%97%E0%A4%BE_%E0%A4%B9%E0%A5%88,%23%E0%A4%89%E0%A4%A6%E0%A4%BF%E0%A4%A4%E0%A4%B5%E0%A4%BE_%E0%A4%A8%E0%A4%82%E0%A4%97%E0%A4%BE_%E0%A4%B9%E0%A5%88,,2021-08-21 12:15:49.387583,India
#भारत_के_तालिबानी_समर्थक,http://twitter.com/search?q=%23%E0%A4%AD%E0%A4%BE%E0%A4%B0%E0%A4%A4_%E0%A4%95%E0%A5%87_%E0%A4%A4%E0%A4%BE%E0%A4%B2%E0%A4%BF%E0%A4%AC%E0%A4%BE%E0%A4%A8%E0%A5%80_%E0%A4%B8%E0%A4%AE%E0%A4%B0%E0%A5%8D%E0%A4%A5%E0%A4%95,%23%E0%A4%AD%E0%A4%BE%E0%A4%B0%E0%A4%A4_%E0%A4%95%E0%A5%87_%E0%A4%A4%E0%A4%BE%E0%A4%B2%E0%A4%BF%E0%A4%AC%E0%A4%BE%E0%A4%A8%E0%A5%80_%E0%A4%B8%E0%A4%AE%E0%A4%B0%E0%A5%8D%E0%A4%A5%E0%A4%95,,2021-08-21 12:15:49.387583,India
#BellBottomAtPVR,http://twitter.com/search?q=%23BellBottomAtPVR,%23BellBottomAtPVR,,2021-08-21 12:15:49.387583,India
#ModiHaiToFailureHai,http://twitter.com/search?q=%23ModiHaiToFailureHai,%23ModiHaiToFailureHai,12443.0,2021-08-21 12:15:49.387583,India
#BtsPavedTheWay,http://twitter.com/search?q=%23BtsPavedTheWay,%23BtsPavedTheWay,63642.0,2021-08-21 12:15:49.387583,India
#IPL2021,http://twitter.com/search?q=%23IPL2021,%23IPL2021,16350.0,2021-08-21 12:15:49.387583,India
#HBDMegastarChiranjeevi,http://twitter.com/search?q=%23HBDMegastarChiranjeevi,%23HBDMegastarChiranjeevi,18533.0,2021-08-21 12:15:49.387583,India
#PradeepGuha,http://twitter.com/search?q=%23PradeepGuha,%23PradeepGuha,,2021-08-21 12:15:49.387583,India
#BtsDiamond,http://twitter.com/search?q=%23BtsDiamond,%23BtsDiamond,63149.0,2021-08-21 12:15:49.387583,India
#BtsDynamite,http://twitter.com/search?q=%23BtsDynamite,%23BtsDynamite,63310.0,2021-08-21 12:15:49.387583,India
#iononmivaccino,http://twitter.com/search?q=%23iononmivaccino,%23iononmivaccino,,2021-08-21 12:15:49.387583,Italy
#21agosto,http://twitter.com/search?q=%2321agosto,%2321agosto,,2021-08-21 12:15:49.387583,Italy
#ArtistoftheSummer,http://twitter.com/search?q=%23ArtistoftheSummer,%23ArtistoftheSummer,1291388.0,2021-08-21 12:15:49.387583,Italy
#81921CB23227,http://twitter.com/search?q=%2381921CB23227,%2381921CB23227,49229.0,2021-08-21 12:15:49.387583,Italy
#Allegri,http://twitter.com/search?q=%23Allegri,%23Allegri,,2021-08-21 12:15:49.387583,Italy
#китаефдселкадэй,http://twitter.com/search?q=%23%D0%BA%D0%B8%D1%82%D0%B0%D0%B5%D1%84%D0%B4%D1%81%D0%B5%D0%BB%D0%BA%D0%B0%D0%B4%D1%8D%D0%B9,%23%D0%BA%D0%B8%D1%82%D0%B0%D0%B5%D1%84%D0%B4%D1%81%D0%B5%D0%BB%D0%BA%D0%B0%D0%B4%D1%8D%D0%B9,,2021-08-21 12:15:49.387583,Ukraine
#1YearWithDynamite,http://twitter.com/search?q=%231YearWithDynamite,%231YearWithDynamite,304398.0,2021-08-21 12:15:49.387583,Ukraine
#tradenudesِ,http://twitter.com/search?q=%23tradenudes%D9%90,%23tradenudes%D9%90,,2021-08-21 12:15:49.387583,Ukraine
#hornyِ,http://twitter.com/search?q=%23horny%D9%90,%23horny%D9%90,25151.0,2021-08-21 12:15:49.387583,Ukraine
#cumtributeِ,http://twitter.com/search?q=%23cumtribute%D9%90,%23cumtribute%D9%90,,2021-08-21 12:15:49.387583,Ukraine
#MasterChefCelebrity,http://twitter.com/search?q=%23MasterChefCelebrity,%23MasterChefCelebrity,24090.0,2021-08-21 12:15:49.387583,Mexico
#FelizSábado,http://twitter.com/search?q=%23FelizS%C3%A1bado,%23FelizS%C3%A1bado,,2021-08-21 12:15:49.387583,Mexico
#Grace,http://twitter.com/search?q=%23Grace,%23Grace,47486.0,2021-08-21 12:15:49.387583,Mexico
#AEWRampage,http://twitter.com/search?q=%23AEWRampage,%23AEWRampage,321466.0,2021-08-21 12:15:49.387583,Mexico
#1YearWithDynamite,http://twitter.com/search?q=%231YearWithDynamite,%231YearWithDynamite,304423.0,2021-08-21 12:15:49.387583,Mexico
#LIVBUR,http://twitter.com/search?q=%23LIVBUR,%23LIVBUR,22485.0,2021-08-21 12:15:49.387583,United States
#YNWA,http://twitter.com/search?q=%23YNWA,%23YNWA,,2021-08-21 12:15:49.387583,United States
#SaturdayMotivation,http://twitter.com/search?q=%23SaturdayMotivation,%23SaturdayMotivation,17040.0,2021-08-21 12:15:49.387583,United States
#SaturdayVibes,http://twitter.com/search?q=%23SaturdayVibes,%23SaturdayVibes,,2021-08-21 12:15:49.387583,United States
#SaturdayMorning,http://twitter.com/search?q=%23SaturdayMorning,%23SaturdayMorning,,2021-08-21 12:15:49.387583,United States
#AFLDeesLions,http://twitter.com/search?q=%23AFLDeesLions,%23AFLDeesLions,,2021-08-28 12:15:30.414573,Australia
#NRLStormEels,http://twitter.com/search?q=%23NRLStormEels,%23NRLStormEels,,2021-08-28 12:15:30.414573,Australia
#MCIARS,http://twitter.com/search?q=%23MCIARS,%23MCIARS,44388.0,2021-08-28 12:15:30.414573,Australia
#AFLFinals,http://twitter.com/search?q=%23AFLFinals,%23AFLFinals,,2021-08-28 12:15:30.414573,Australia
#AFLSwansGiants,http://twitter.com/search?q=%23AFLSwansGiants,%23AFLSwansGiants,,2021-08-28 12:15:30.414573,Australia
#GiveEmHell,http://twitter.com/search?q=%23GiveEmHell,%23GiveEmHell,,2021-08-28 12:15:30.414573,Australia
#NRLSharksBroncos,http://twitter.com/search?q=%23NRLSharksBroncos,%23NRLSharksBroncos,,2021-08-28 12:15:30.414573,Australia
#ENGvsIND,http://twitter.com/search?q=%23ENGvsIND,%23ENGvsIND,14073.0,2021-08-28 12:15:30.414573,Australia
#ScottyTheSaviour,http://twitter.com/search?q=%23ScottyTheSaviour,%23ScottyTheSaviour,,2021-08-28 12:15:30.414573,Australia
#libspill,http://twitter.com/search?q=%23libspill,%23libspill,,2021-08-28 12:15:30.414573,Australia
#Uncaged,http://twitter.com/search?q=%23Uncaged,%23Uncaged,,2021-08-28 12:15:30.414573,Australia
#UpUp,http://twitter.com/search?q=%23UpUp,%23UpUp,,2021-08-28 12:15:30.414573,Australia
#SSNGrandFinal,http://twitter.com/search?q=%23SSNGrandFinal,%23SSNGrandFinal,,2021-08-28 12:15:30.414573,Australia
#Bloods,http://twitter.com/search?q=%23Bloods,%23Bloods,,2021-08-28 12:15:30.414573,Australia
#NowUnitedLoveLoveLove,http://twitter.com/search?q=%23NowUnitedLoveLoveLove,%23NowUnitedLoveLoveLove,12678.0,2021-08-28 12:15:30.414573,Brazil
#PremierLeagueNaESPN,http://twitter.com/search?q=%23PremierLeagueNaESPN,%23PremierLeagueNaESPN,,2021-08-28 12:15:30.414573,Brazil
#WAWOnline_Mamamoo,http://twitter.com/search?q=%23WAWOnline_Mamamoo,%23WAWOnline_Mamamoo,32826.0,2021-08-28 12:15:30.414573,Brazil
#sabadou,http://twitter.com/search?q=%23sabadou,%23sabadou,,2021-08-28 12:15:30.414573,Brazil
#YUGYEOM_AboveOrdinary2021,http://twitter.com/search?q=%23YUGYEOM_AboveOrdinary2021,%23YUGYEOM_AboveOrdinary2021,60499.0,2021-08-28 12:15:30.414573,Brazil
#SabadoDetremuraSDV,http://twitter.com/search?q=%23SabadoDetremuraSDV,%23SabadoDetremuraSDV,,2021-08-28 12:15:30.414573,Brazil
#RenunciaAlexandreDeMoraes,http://twitter.com/search?q=%23RenunciaAlexandreDeMoraes,%23RenunciaAlexandreDeMoraes,19519.0,2021-08-28 12:15:30.414573,Brazil
#motogpfoxsports,http://twitter.com/search?q=%23motogpfoxsports,%23motogpfoxsports,,2021-08-28 12:15:30.414573,Brazil
#Dia12SetBolsonaroVaiCair,http://twitter.com/search?q=%23Dia12SetBolsonaroVaiCair,%23Dia12SetBolsonaroVaiCair,,2021-08-28 12:15:30.414573,Brazil
#WakandaForever,http://twitter.com/search?q=%23WakandaForever,%23WakandaForever,,2021-08-28 12:15:30.414573,Brazil
#ForaBolsonaroeSuaQuadrilha,http://twitter.com/search?q=%23ForaBolsonaroeSuaQuadrilha,%23ForaBolsonaroeSuaQuadrilha,,2021-08-28 12:15:30.414573,Brazil
#GoFLA,http://twitter.com/search?q=%23GoFLA,%23GoFLA,,2021-08-28 12:15:30.414573,Brazil
#MCIARS,http://twitter.com/search?q=%23MCIARS,%23MCIARS,44470.0,2021-08-28 12:15:30.414573,Canada
#TechnoSupport,http://twitter.com/search?q=%23TechnoSupport,%23TechnoSupport,135826.0,2021-08-28 12:15:30.414573,Canada
#Caturday,http://twitter.com/search?q=%23Caturday,%23Caturday,,2021-08-28 12:15:30.414573,Canada
#TrudeauMustGoNow,http://twitter.com/search?q=%23TrudeauMustGoNow,%23TrudeauMustGoNow,,2021-08-28 12:15:30.414573,Canada
#NationalDogDay,http://twitter.com/search?q=%23NationalDogDay,%23NationalDogDay,14431.0,2021-08-28 12:15:30.414573,Canada
#MCIARS,http://twitter.com/search?q=%23MCIARS,%23MCIARS,44388.0,2021-08-28 12:15:30.414573,France
#Manif28aout,http://twitter.com/search?q=%23Manif28aout,%23Manif28aout,41822.0,2021-08-28 12:15:30.414573,France
#CityArs,http://twitter.com/search?q=%23CityArs,%23CityArs,,2021-08-28 12:15:30.414573,France
#PLRMC,http://twitter.com/search?q=%23PLRMC,%23PLRMC,,2021-08-28 12:15:30.414573,France
#dokkanbattle,http://twitter.com/search?q=%23dokkanbattle,%23dokkanbattle,11926.0,2021-08-28 12:15:30.414573,France
#gpc2021,http://twitter.com/search?q=%23gpc2021,%23gpc2021,,2021-08-28 12:15:30.414573,France
#UTMB2021,http://twitter.com/search?q=%23UTMB2021,%23UTMB2021,,2021-08-28 12:15:30.414573,France
#b2808,http://twitter.com/search?q=%23b2808,%23b2808,,2021-08-28 12:15:30.414573,Germany
#MCIARS,http://twitter.com/search?q=%23MCIARS,%23MCIARS,45689.0,2021-08-28 12:15:30.414573,Germany
#KinderdurchseuchungStoppen,http://twitter.com/search?q=%23KinderdurchseuchungStoppen,%23KinderdurchseuchungStoppen,11435.0,2021-08-28 12:15:30.414573,Germany
#BVBTSG,http://twitter.com/search?q=%23BVBTSG,%23BVBTSG,,2021-08-28 12:15:30.414573,Germany
#FCHHSV,http://twitter.com/search?q=%23FCHHSV,%23FCHHSV,,2021-08-28 12:15:30.414573,Germany
#ENGvsIND,http://twitter.com/search?q=%23ENGvsIND,%23ENGvsIND,14076.0,2021-08-28 12:15:30.414573,India
#MCIARS,http://twitter.com/search?q=%23MCIARS,%23MCIARS,44470.0,2021-08-28 12:15:30.414573,India
#किसान_विरोधी_खट्टर,http://twitter.com/search?q=%23%E0%A4%95%E0%A4%BF%E0%A4%B8%E0%A4%BE%E0%A4%A8_%E0%A4%B5%E0%A4%BF%E0%A4%B0%E0%A5%8B%E0%A4%A7%E0%A5%80_%E0%A4%96%E0%A4%9F%E0%A5%8D%E0%A4%9F%E0%A4%B0,%23%E0%A4%95%E0%A4%BF%E0%A4%B8%E0%A4%BE%E0%A4%A8_%E0%A4%B5%E0%A4%BF%E0%A4%B0%E0%A5%8B%E0%A4%A7%E0%A5%80_%E0%A4%96%E0%A4%9F%E0%A5%8D%E0%A4%9F%E0%A4%B0,64333.0,2021-08-28 12:15:30.414573,India
#250MforVaathiSupremacy,http://twitter.com/search?q=%23250MforVaathiSupremacy,%23250MforVaathiSupremacy,165326.0,2021-08-28 12:15:30.414573,India
#indiavsEngland,http://twitter.com/search?q=%23indiavsEngland,%23indiavsEngland,,2021-08-28 12:15:30.414573,India
#INDvsEND,http://twitter.com/search?q=%23INDvsEND,%23INDvsEND,11072.0,2021-08-28 12:15:30.414573,India
#Adhantari,http://twitter.com/search?q=%23Adhantari,%23Adhantari,,2021-08-28 12:15:30.414573,India
#BeAnAwakeCitizen,http://twitter.com/search?q=%23BeAnAwakeCitizen,%23BeAnAwakeCitizen,,2021-08-28 12:15:30.414573,India
#CristianoRonaldo,http://twitter.com/search?q=%23CristianoRonaldo,%23CristianoRonaldo,60510.0,2021-08-28 12:15:30.414573,Italy
#bebevio,http://twitter.com/search?q=%23bebevio,%23bebevio,,2021-08-28 12:15:30.414573,Italy
#VeronaInter,http://twitter.com/search?q=%23VeronaInter,%23VeronaInter,19142.0,2021-08-28 12:15:30.414573,Italy
#28agosto,http://twitter.com/search?q=%2328agosto,%2328agosto,,2021-08-28 12:15:30.414573,Italy
#giornatamondialedelletette,http://twitter.com/search?q=%23giornatamondialedelletette,%23giornatamondialedelletette,,2021-08-28 12:15:30.414573,Italy
#BUTTERTHEEREMIX,http://twitter.com/search?q=%23BUTTERTHEEREMIX,%23BUTTERTHEEREMIX,439710.0,2021-08-28 12:15:30.414573,Ukraine
#TechnoSupport,http://twitter.com/search?q=%23TechnoSupport,%23TechnoSupport,135820.0,2021-08-28 12:15:30.414573,Ukraine
#MadeinLagosDeluxe,http://twitter.com/search?q=%23MadeinLagosDeluxe,%23MadeinLagosDeluxe,47106.0,2021-08-28 12:15:30.414573,Ukraine
#Sunshine,http://twitter.com/search?q=%23Sunshine,%23Sunshine,97628.0,2021-08-28 12:15:30.414573,Ukraine
#MUFC,http://twitter.com/search?q=%23MUFC,%23MUFC,1405848.0,2021-08-28 12:15:30.414573,Ukraine
#OSEM50AÑOS,http://twitter.com/search?q=%23OSEM50A%C3%91OS,%23OSEM50A%C3%91OS,21330.0,2021-08-28 12:15:30.414573,Mexico
#Edomex,http://twitter.com/search?q=%23Edomex,%23Edomex,23730.0,2021-08-28 12:15:30.414573,Mexico
#KAVECONREFUND,http://twitter.com/search?q=%23KAVECONREFUND,%23KAVECONREFUND,20139.0,2021-08-28 12:15:30.414573,Mexico
#CasinoMasterChef,http://twitter.com/search?q=%23CasinoMasterChef,%23CasinoMasterChef,12704.0,2021-08-28 12:15:30.414573,Mexico
#FelizSabado,http://twitter.com/search?q=%23FelizSabado,%23FelizSabado,,2021-08-28 12:15:30.414573,Mexico
#MCIARS,http://twitter.com/search?q=%23MCIARS,%23MCIARS,45689.0,2021-08-28 12:15:30.414573,United States
#SaturdayMorning,http://twitter.com/search?q=%23SaturdayMorning,%23SaturdayMorning,11824.0,2021-08-28 12:15:30.414573,United States
#ARSMCI,http://twitter.com/search?q=%23ARSMCI,%23ARSMCI,,2021-08-28 12:15:30.414573,United States
#SushiSongsAndShows,http://twitter.com/search?q=%23SushiSongsAndShows,%23SushiSongsAndShows,,2021-08-28 12:15:30.414573,United States
#KAVECONREFUND,http://twitter.com/search?q=%23KAVECONREFUND,%23KAVECONREFUND,20111.0,2021-08-28 12:15:30.414573,United States
